{"cameraMode":{"drawMode":0,"name":"Shaded","section":"Shading Mode"},"sceneLighting":true,"audioPlay":false,"sceneViewState":{"m_AlwaysRefresh":false,"showFog":true,"showSkybox":true,"showFlares":true,"showImageEffects":true,"showParticleSystems":true,"showVisualEffectGraphs":true,"m_FxEnabled":true},"in2DMode":false,"pivot":{"x":0.017268091440200807,"y":0.29340189695358279,"z":-2.08998441696167},"rotation":{"x":-0.24770592153072358,"y":-0.06041095033288002,"z":0.015477442182600499,"w":-0.9668286442756653},"size":1.668748140335083,"orthographic":false}